CFSProbComp,,,,,,,,,,,,,,,,,,,,,
,,,,,,,"Public Service Department
Completed Work Orders by Problem Type",,,,,,,,,,,,,,
,,,,,,,,,,,,,,,,,,,,,
,,,,,,,,,,,,,,,,,,,,Page:,1
Date:,,,01/18/2019,,,,,,,,,,,,,,,,,,
,,,,,,,,01/01/2018,,,to,,12/31/2018,,,,,,,,
,,,,,,,,,,,,,,,,,,,,,
,,,,,,,,,,,,,,,,,,,,,
,,,,,,,,,,,,,,,,,,,,,
,,,,,,,,,,,,,,,,,,,,,
TOTALS FOR PS TYPE: PS10 Pothole,,,,,,,,,,,,,,,,,,,,,
,WO Num,,,,,                 Created,,,Completed,,,,,Organ,Ctr,WO Units,,,Weight,,
,,,,,,,,,,,,,,,,992.92,,,"277,719",,
,WO-PS-17-021073,,,,,9/20/2017 12:33 PM,,,4/19/2018 12:00 AM,,,,,43124,209 ,0,,,0,,
,WO-PS-17-026880,,,,,12/27/2017 1:54 PM,,,1/9/2018 12:00 AM,,,,,43124,502 ,1,,,"2,000",,
,WO-PS-17-026991,,,,,12/29/2017 12:57 PM,,,1/9/2018 12:00 AM,,,,,43124,610 ,0.25,,,500,,
,WO-PS-17-026999,,,,,12/29/2017 4:01 PM,,,1/9/2018 12:00 AM,,,,,43124,604 ,0.5,,,"1,000",,
,WO-PS-18-000196,,,,,1/4/2018 1:29 PM,,,1/9/2018 12:00 AM,,,,,43124,604 ,0.25,,,500,,
,WO-PS-18-000270,,,,,1/5/2018 4:28 PM,,,1/5/2018 12:00 AM,,,,,43174,402 ,0,,,0,,
,WO-PS-18-000405,,,,,1/9/2018 12:42 PM,,,1/22/2018 12:00 AM,,,,,43124,607 ,0.5,,,"1,000",,
,WO-PS-18-000464,,,,,1/10/2018 8:35 AM,,,1/19/2018 12:00 AM,,,,,43124,402 ,0.25,,,500,,
,WO-PS-18-000494,,,,,1/10/2018 1:33 PM,,,1/22/2018 12:00 AM,,,,,43124,307 ,0.5,,,"1,000",,
,WO-PS-18-000507,,,,,1/10/2018 2:18 PM,,,1/19/2018 12:00 AM,,,,,43124,510 ,0.25,,,500,,
,WO-PS-18-000509,,,,,1/10/2018 2:49 PM,,,1/19/2018 12:00 AM,,,,,43124,102 ,0.25,,,500,,
,WO-PS-18-000638,,,,,1/12/2018 4:28 PM,,,1/19/2018 12:00 AM,,,,,43124,304 ,0.25,,,500,,
,WO-PS-18-000712,,,,,1/16/2018 11:51 AM,,,1/19/2018 12:00 AM,,,,,43124,402 ,0.25,,,500,,
,WO-PS-18-000810,,,,,1/17/2018 3:16 PM,,,1/18/2018 12:00 AM,,,,,43176,610 ,0,,,0,,
,WO-PS-18-000888,,,,,1/18/2018 2:16 PM,,,1/19/2018 12:00 AM,,,,,43124,210 ,0.25,,,500,,
,WO-PS-18-000954,,,,,1/19/2018 3:42 PM,,,1/22/2018 12:00 AM,,,,,43175,509 ,0,,,0,,
,WO-PS-18-000986,,,,,1/22/2018 8:31 AM,,,1/23/2018 12:00 AM,,,,,43124,307 ,0.25,,,500,,
,WO-PS-18-000993,,,,,1/22/2018 9:44 AM,,,1/23/2018 12:00 AM,,,,,43172,209 ,8,,,0,,
,WO-PS-18-000995,,,,,1/22/2018 9:57 AM,,,1/23/2018 12:00 AM,,,,,43174,405 ,0,,,0,,
,WO-PS-18-000997,,,,,1/22/2018 10:01 AM,,,1/23/2018 12:00 AM,,,,,43174,405 ,0,,,0,,
,WO-PS-18-001092,,,,,1/23/2018 8:46 AM,,,1/25/2018 12:00 AM,,,,,43124,310 ,0.25,,,500,,
,WO-PS-18-001105,,,,,1/23/2018 9:58 AM,,,1/24/2018 12:00 AM,,,,,43175,506 ,15,,,"1,986",,
,WO-PS-18-001210,,,,,1/24/2018 2:43 PM,,,1/25/2018 12:00 AM,,,,,43124,101 ,0.25,,,500,,
,WO-PS-18-001211,,,,,1/24/2018 2:44 PM,,,1/25/2018 12:00 AM,,,,,43172,209 ,1,,,0,,
,WO-PS-18-001226,,,,,1/25/2018 7:31 AM,,,1/23/2018 12:00 AM,,,,,43124,303 ,0.25,,,500,,
,WO-PS-18-001227,,,,,1/25/2018 7:36 AM,,,1/23/2018 12:00 AM,,,,,43124,210 ,0.5,,,"1,000",,
,WO-PS-18-001228,,,,,1/25/2018 7:40 AM,,,1/23/2018 12:00 AM,,,,,43124,509 ,0.5,,,"1,000",,
,WO-PS-18-001235,,,,,1/25/2018 8:24 AM,,,1/24/2018 12:00 AM,,,,,43176,600 ,1,,,1,,
,WO-PS-18-001251,,,,,1/25/2018 10:04 AM,,,1/22/2018 12:00 AM,,,,,43176,600 ,1,,,1,,
,WO-PS-18-001252,,,,,1/25/2018 10:12 AM,,,1/23/2018 12:00 AM,,,,,43176,600 ,1,,,1,,
,WO-PS-18-001259,,,,,1/25/2018 11:55 AM,,,1/25/2018 12:00 AM,,,,,43175,503 ,1.1,,,"2,134",,
,WO-PS-18-001265,,,,,1/25/2018 12:06 PM,,,1/26/2018 12:00 AM,,,,,43174,404 ,0,,,0,,
,WO-PS-18-001311,,,,,1/26/2018 8:03 AM,,,1/25/2018 12:00 AM,,,,,43176,600 ,1,,,1,,
,WO-PS-18-001350,,,,,1/26/2018 2:45 PM,,,1/29/2018 12:00 AM,,,,,43172,209 ,1,,,0,,
,WO-PS-18-001394,,,,,1/29/2018 9:11 AM,,,1/26/2018 12:00 AM,,,,,43176,600 ,1,,,1,,
,WO-PS-18-001421,,,,,1/29/2018 11:16 AM,,,2/1/2018 12:00 AM,,,,,43124,307 ,0.5,,,"1,000",,
,WO-PS-18-001449,,,,,1/29/2018 2:17 PM,,,1/29/2018 12:00 AM,,,,,43175,507 ,12,,,"1,995",,
,WO-PS-18-001480,,,,,1/30/2018 8:16 AM,,,1/29/2018 12:00 AM,,,,,43176,600 ,1,,,1,,
,WO-PS-18-001483,,,,,1/30/2018 8:22 AM,,,1/30/2018 12:00 AM,,,,,43110,504 ,0,,,0,,
,WO-PS-18-001576,,,,,1/31/2018 8:17 AM,,,1/31/2018 12:00 AM,,,,,43175,507 ,0,,,0,,
,WO-PS-18-001601,,,,,1/31/2018 11:01 AM,,,2/2/2018 12:00 AM,,,,,43124,306 ,1.07,,,"2,000",,
,WO-PS-18-001603,,,,,1/31/2018 12:11 PM,,,2/1/2018 12:00 AM,,,,,43124,304 ,1,,,"2,000",,
,WO-PS-18-001643,,,,,2/1/2018 9:18 AM,,,1/31/2018 12:00 AM,,,,,43176,603 ,2,,,2,,
,WO-PS-18-001671,,,,,2/1/2018 1:14 PM,,,1/31/2018 12:00 AM,,,,,43172,200 ,1,,,"1,995",,
,WO-PS-18-001709,,,,,2/2/2018 7:29 AM,,,2/1/2018 12:00 AM,,,,,43172,200 ,1,,,"2,005",,
,WO-PS-18-001712,,,,,2/2/2018 7:50 AM,,,2/1/2018 12:00 AM,,,,,43176,604 ,2,,,2,,
,WO-PS-18-001728,,,,,2/2/2018 9:30 AM,,,2/2/2018 12:00 AM,,,,,43175,506 ,0.5,,,1,,
,WO-PS-18-001741,,,,,2/2/2018 12:27 PM,,,2/5/2018 12:00 AM,,,,,43174,402 ,0,,,0,,
,WO-PS-18-001745,,,,,2/2/2018 1:47 PM,,,2/13/2018 12:00 AM,,,,,43124,307 ,0.5,,,"1,000",,
,WO-PS-18-001804,,,,,2/5/2018 12:06 PM,,,2/12/2018 12:00 AM,,,,,43124,309 ,1.5,,,"3,000",,
,WO-PS-18-001824,,,,,2/5/2018 2:08 PM,,,2/6/2018 12:00 AM,,,,,43172,203 ,0.1,,,0,,
,WO-PS-18-001839,,,,,2/6/2018 7:17 AM,,,2/6/2018 12:00 AM,,,,,43124,605 ,4.55,,,"9,000",,
,WO-PS-18-001858,,,,,2/6/2018 9:07 AM,,,2/6/2018 12:00 AM,,,,,43175,510 ,0.5,,,1,,
,WO-PS-18-001873,,,,,2/6/2018 9:44 AM,,,2/5/2018 12:00 AM,,,,,43176,603 ,1,,,1,,
,WO-PS-18-001930,,,,,2/6/2018 3:23 PM,,,2/6/2018 12:00 AM,,,,,43172,200 ,2,,,"4,156",,
,WO-PS-18-001934,,,,,2/6/2018 3:57 PM,,,2/7/2018 12:00 AM,,,,,43174,407 ,0,,,0,,
,WO-PS-18-001935,,,,,2/6/2018 4:19 PM,,,2/13/2018 12:00 AM,,,,,43124,104 ,0.25,,,500,,
,WO-PS-18-002055,,,,,2/8/2018 8:23 AM,,,2/6/2018 12:00 AM,,,,,43176,604 ,1,,,1,,
,WO-PS-18-002067,,,,,2/8/2018 8:51 AM,,,2/12/2018 12:00 AM,,,,,43124,309 ,1,,,"2,000",,
,WO-PS-18-002071,,,,,2/8/2018 9:16 AM,,,2/9/2018 12:00 AM,,,,,43174,103 ,0,,,0,,
,WO-PS-18-002072,,,,,2/8/2018 9:22 AM,,,2/9/2018 12:00 AM,,,,,43174,405 ,0,,,0,,
,WO-PS-18-002093,,,,,2/8/2018 1:23 PM,,,2/13/2018 12:00 AM,,,,,43124,509 ,0.25,,,500,,
,WO-PS-18-002102,,,,,2/8/2018 2:21 PM,,,2/8/2018 12:00 AM,,,,,43175,507 ,1.1,,,"2,131",,
,WO-PS-18-002110,,,,,2/8/2018 4:05 PM,,,2/9/2018 12:00 AM,,,,,43176,604 ,0,,,0,,
,WO-PS-18-002120,,,,,2/9/2018 7:12 AM,,,2/8/2018 12:00 AM,,,,,43172,209 ,2.12,,,"4,236",,
,WO-PS-18-002129,,,,,2/9/2018 7:31 AM,,,2/12/2018 12:00 AM,,,,,43175,506 ,1.1,,,"2,120",,
,WO-PS-18-002144,,,,,2/9/2018 9:08 AM,,,2/12/2018 12:00 AM,,,,,43124,309 ,1,,,"2,000",,
,WO-PS-18-002151,,,,,2/9/2018 11:18 AM,,,2/12/2018 12:00 AM,,,,,43171,101 ,0,,,0,,
,WO-PS-18-002168,,,,,2/9/2018 1:56 PM,,,2/12/2018 12:00 AM,,,,,43172,201 ,3,,,0,,
,WO-PS-18-002191,,,,,2/12/2018 7:54 AM,,,2/9/2018 12:00 AM,,,,,43172,200 ,1.07,,,"2,135",,
,WO-PS-18-002199,,,,,2/12/2018 8:39 AM,,,2/8/2018 12:00 AM,,,,,43176,605 ,1,,,1,,
,WO-PS-18-002205,,,,,2/12/2018 9:24 AM,,,2/13/2018 12:00 AM,,,,,43172,101 ,1,,,0,,
,WO-PS-18-002212,,,,,2/12/2018 10:20 AM,,,2/14/2018 12:00 AM,,,,,43172,204 ,1,,,0,,
,WO-PS-18-002214,,,,,2/12/2018 10:59 AM,,,2/15/2018 12:00 AM,,,,,43175,507 ,1,,,"2,132",,
,WO-PS-18-002231,,,,,2/12/2018 12:36 PM,,,2/13/2018 12:00 AM,,,,,43173,307 ,0.98,,,1,,
,WO-PS-18-002259,,,,,2/12/2018 2:09 PM,,,2/12/2018 12:00 AM,,,,,43173,301 ,1.05,,,1,,
,WO-PS-18-002261,,,,,2/12/2018 2:21 PM,,,2/13/2018 12:00 AM,,,,,43174,407 ,0,,,0,,
,WO-PS-18-002263,,,,,2/12/2018 2:43 PM,,,2/13/2018 12:00 AM,,,,,43174,404 ,0,,,0,,
,WO-PS-18-002288,,,,,2/13/2018 7:31 AM,,,2/13/2018 12:00 AM,,,,,43175,506 ,2.1,,,"4,121",,
,WO-PS-18-002306,,,,,2/13/2018 7:49 AM,,,2/12/2018 12:00 AM,,,,,43172,200 ,15,,,0,,
,WO-PS-18-002321,,,,,2/13/2018 10:28 AM,,,2/14/2018 12:00 AM,,,,,43174,402 ,0,,,0,,
,WO-PS-18-002353,,,,,2/13/2018 2:39 PM,,,2/14/2018 12:00 AM,,,,,43174,408 ,0,,,0,,
,WO-PS-18-002357,,,,,2/13/2018 3:11 PM,,,2/14/2018 12:00 AM,,,,,43174,409 ,0,,,0,,
,WO-PS-18-002360,,,,,2/13/2018 3:55 PM,,,2/14/2018 12:00 AM,,,,,43174,407 ,0,,,0,,
,WO-PS-18-002370,,,,,2/14/2018 7:11 AM,,,2/13/2018 12:00 AM,,,,,43176,604 ,1,,,1,,
,WO-PS-18-002389,,,,,2/14/2018 8:48 AM,,,2/13/2018 12:00 AM,,,,,43172,200 ,1.06,,,"2,127",,
,WO-PS-18-002423,,,,,2/14/2018 2:27 PM,,,2/14/2018 12:00 AM,,,,,43173,309 ,1.07,,,1,,
,WO-PS-18-002447,,,,,2/15/2018 7:47 AM,,,2/14/2018 12:00 AM,,,,,43174,400 ,0,,,0,,
,WO-PS-18-002457,,,,,2/15/2018 8:19 AM,,,2/16/2018 12:00 AM,,,,,43172,210 ,1,,,0,,
,WO-PS-18-002487,,,,,2/15/2018 1:23 PM,,,2/15/2018 12:00 AM,,,,,43173,309 ,1.07,,,1,,
,WO-PS-18-002509,,,,,2/15/2018 4:05 PM,,,2/19/2018 12:00 AM,,,,,43124,501 ,0.5,,,"1,000",,
,WO-PS-18-002532,,,,,2/16/2018 7:37 AM,,,2/15/2018 12:00 AM,,,,,43176,600 ,2,,,2,,
,WO-PS-18-002576,,,,,2/16/2018 2:12 PM,,,2/19/2018 12:00 AM,,,,,43124,508 ,0.5,,,"1,000",,
,WO-PS-18-002583,,,,,2/16/2018 4:03 PM,,,2/19/2018 12:00 AM,,,,,43175,510 ,0,,,0,,
,WO-PS-18-002633,,,,,2/19/2018 8:59 AM,,,2/19/2018 12:00 AM,,,,,43171,101 ,0,,,0,,
,WO-PS-18-002655,,,,,2/19/2018 10:03 AM,,,2/19/2018 12:00 AM,,,,,43175,509 ,0,,,0,,
,WO-PS-18-002674,,,,,2/19/2018 12:12 PM,,,2/19/2018 12:00 AM,,,,,43175,510 ,1,,,"2,101",,
,WO-PS-18-002703,,,,,2/19/2018 2:49 PM,,,2/20/2018 12:00 AM,,,,,43174,404 ,0,,,0,,
,WO-PS-18-002704,,,,,2/19/2018 2:50 PM,,,2/20/2018 12:00 AM,,,,,43174,404 ,0,,,0,,
,WO-PS-18-002750,,,,,2/20/2018 8:58 AM,,,2/22/2018 12:00 AM,,,,,43175,506 ,10,,,"1,977",,
,WO-PS-18-002766,,,,,2/20/2018 11:18 AM,,,2/21/2018 12:00 AM,,,,,43174,405 ,0,,,0,,
,WO-PS-18-002768,,,,,2/20/2018 11:28 AM,,,2/20/2018 12:00 AM,,,,,43173,302 ,0,,,0,,
,WO-PS-18-002770,,,,,2/20/2018 12:14 PM,,,2/20/2018 12:00 AM,,,,,43175,506 ,10,,,"1,926",,
,WO-PS-18-002796,,,,,2/20/2018 1:39 PM,,,2/20/2018 12:00 AM,,,,,43173,301 ,0.99,,,1,,
,WO-PS-18-002815,,,,,2/21/2018 7:03 AM,,,2/19/2018 12:00 AM,,,,,43172,200 ,2,,,"3,921",,
,WO-PS-18-002832,,,,,2/21/2018 8:05 AM,,,2/23/2018 12:00 AM,,,,,43172,209 ,1,,,0,,
,WO-PS-18-002852,,,,,2/21/2018 12:24 PM,,,2/21/2018 12:00 AM,,,,,43174,407 ,0,,,0,,
,WO-PS-18-002869,,,,,2/21/2018 2:18 PM,,,2/21/2018 12:00 AM,,,,,43173,307 ,1.05,,,1,,
,WO-PS-18-002904,,,,,2/22/2018 7:07 AM,,,2/20/2018 12:00 AM,,,,,43172,205 ,2,,,"4,178",,
,WO-PS-18-002908,,,,,2/22/2018 7:30 AM,,,2/21/2018 12:00 AM,,,,,43172,200 ,1,,,"1,964",,
,WO-PS-18-002934,,,,,2/22/2018 9:06 AM,,,2/22/2018 12:00 AM,,,,,43174,403 ,0,,,0,,
,WO-PS-18-002935,,,,,2/22/2018 9:09 AM,,,2/21/2018 12:00 AM,,,,,43176,600 ,2,,,2,,
,WO-PS-18-002952,,,,,2/22/2018 1:27 PM,,,2/22/2018 12:00 AM,,,,,43173,300 ,1.06,,,1,,
,WO-PS-18-002977,,,,,2/23/2018 7:38 AM,,,2/21/2018 12:00 AM,,,,,43174,400 ,0,,,0,,
,WO-PS-18-002978,,,,,2/23/2018 7:42 AM,,,2/22/2018 12:00 AM,,,,,43174,400 ,1.03,,,1,,
,WO-PS-18-002986,,,,,2/23/2018 8:05 AM,,,2/22/2018 12:00 AM,,,,,43172,200 ,2,,,"3,925",,
,WO-PS-18-002996,,,,,2/23/2018 8:50 AM,,,2/22/2018 12:00 AM,,,,,43176,600 ,1.5,,,2,,
,WO-PS-18-003008,,,,,2/23/2018 10:39 AM,,,2/23/2018 12:00 AM,,,,,43175,506 ,1.1,,,"2,136",,
,WO-PS-18-003015,,,,,2/23/2018 10:51 AM,,,2/23/2018 12:00 AM,,,,,43172,210 ,1,,,0,,
,WO-PS-18-003036,,,,,2/23/2018 12:54 PM,,,2/23/2018 12:00 AM,,,,,43173,300 ,1.07,,,1,,
,WO-PS-18-003060,,,,,2/26/2018 6:33 AM,,,2/23/2018 12:00 AM,,,,,43172,200 ,1.5,,,"3,090",,
,WO-PS-18-003079,,,,,2/26/2018 8:50 AM,,,2/23/2018 12:00 AM,,,,,43174,400 ,1.05,,,1,,
,WO-PS-18-003080,,,,,2/26/2018 8:53 AM,,,2/23/2018 12:00 AM,,,,,43176,605 ,1,,,1,,
,WO-PS-18-003109,,,,,2/26/2018 12:29 PM,,,2/26/2018 12:00 AM,,,,,43173,300 ,1.05,,,1,,
,WO-PS-18-003130,,,,,2/26/2018 1:44 PM,,,2/26/2018 12:00 AM,,,,,43175,500 ,2.1,,,"2,110",,
,WO-PS-18-003175,,,,,2/27/2018 11:31 AM,,,2/27/2018 12:00 AM,,,,,43175,508 ,2,,,"1,994",,
,WO-PS-18-003186,,,,,2/27/2018 12:40 PM,,,2/27/2018 12:00 AM,,,,,43173,302 ,0.99,,,1,,
,WO-PS-18-003201,,,,,2/27/2018 4:50 PM,,,3/1/2018 12:00 AM,,,,,43175,508 ,0,,,0,,
,WO-PS-18-003227,,,,,2/28/2018 8:24 AM,,,2/26/2018 12:00 AM,,,,,43176,605 ,1,,,1,,
,WO-PS-18-003242,,,,,2/28/2018 9:01 AM,,,2/27/2018 12:00 AM,,,,,43176,605 ,1,,,1,,
,WO-PS-18-003261,,,,,2/28/2018 11:50 AM,,,3/1/2018 12:00 AM,,,,,43172,210 ,2,,,0,,
,WO-PS-18-003269,,,,,2/28/2018 1:15 PM,,,2/28/2018 12:00 AM,,,,,43175,507 ,1.5,,,"3,021",,
,WO-PS-18-003280,,,,,2/28/2018 1:28 PM,,,2/28/2018 12:00 AM,,,,,43173,304 ,1.06,,,1,,
,WO-PS-18-003308,,,,,3/1/2018 7:52 AM,,,3/5/2018 12:00 AM,,,,,43172,101 ,1,,,0,,
,WO-PS-18-003310,,,,,3/1/2018 7:58 AM,,,3/5/2018 12:00 AM,,,,,43172,101 ,1,,,0,,
,WO-PS-18-003323,,,,,3/1/2018 9:51 AM,,,3/5/2018 12:00 AM,,,,,43172,101 ,1,,,0,,
,WO-PS-18-003325,,,,,3/1/2018 10:16 AM,,,3/1/2018 12:00 AM,,,,,43175,506 ,1,,,"2,055",,
,WO-PS-18-003339,,,,,3/1/2018 12:58 PM,,,3/2/2018 12:00 AM,,,,,43172,209 ,11,,,0,,
,WO-PS-18-003347,,,,,3/1/2018 1:12 PM,,,3/1/2018 12:00 AM,,,,,43173,307 ,1.05,,,1,,
,WO-PS-18-003362,,,,,3/1/2018 4:58 PM,,,3/2/2018 12:00 AM,,,,,43174,405 ,0,,,0,,
,WO-PS-18-003397,,,,,3/2/2018 10:05 AM,,,3/5/2018 12:00 AM,,,,,43172,210 ,1,,,0,,
,WO-PS-18-003405,,,,,3/2/2018 12:13 PM,,,3/5/2018 12:00 AM,,,,,43175,502 ,2,,,"2,002",,
,WO-PS-18-003428,,,,,3/2/2018 1:34 PM,,,3/2/2018 12:00 AM,,,,,43173,303 ,1,,,1,,
,WO-PS-18-003440,,,,,3/2/2018 4:29 PM,,,3/5/2018 12:00 AM,,,,,43172,210 ,1,,,0,,
,WO-PS-18-003453,,,,,3/5/2018 7:54 AM,,,3/2/2018 12:00 AM,,,,,43174,400 ,1.06,,,1,,
,WO-PS-18-003470,,,,,3/5/2018 10:10 AM,,,3/6/2018 12:00 AM,,,,,43174,410 ,0,,,0,,
,WO-PS-18-003474,,,,,3/5/2018 11:14 AM,,,3/5/2018 12:00 AM,,,,,43172,210 ,1,,,0,,
,WO-PS-18-003491,,,,,3/5/2018 12:44 PM,,,3/5/2018 12:00 AM,,,,,43172,200 ,1,,,"2,115",,
,WO-PS-18-003498,,,,,3/5/2018 1:15 PM,,,3/5/2018 12:00 AM,,,,,43173,302 ,1,,,1,,
,WO-PS-18-003523,,,,,3/5/2018 2:37 PM,,,3/6/2018 12:00 AM,,,,,43172,204 ,1,,,0,,
,WO-PS-18-003548,,,,,3/6/2018 8:08 AM,,,3/5/2018 12:00 AM,,,,,43174,400 ,1.05,,,1,,
,WO-PS-18-003551,,,,,3/6/2018 8:29 AM,,,3/6/2018 12:00 AM,,,,,43175,506 ,0,,,0,,
,WO-PS-18-003554,,,,,3/6/2018 8:52 AM,,,3/2/2018 12:00 AM,,,,,43176,600 ,1,,,1,,
,WO-PS-18-003597,,,,,3/6/2018 2:03 PM,,,3/6/2018 12:00 AM,,,,,43173,303 ,1.07,,,1,,
,WO-PS-18-003600,,,,,3/6/2018 2:22 PM,,,3/6/2018 12:00 AM,,,,,43175,507 ,2,,,"2,016",,
,WO-PS-18-003626,,,,,3/7/2018 6:54 AM,,,3/6/2018 12:00 AM,,,,,43172,200 ,1,,,"1,980",,
,WO-PS-18-003627,,,,,3/7/2018 7:07 AM,,,3/5/2018 12:00 AM,,,,,43176,600 ,1,,,1,,
,WO-PS-18-003638,,,,,3/7/2018 7:31 AM,,,3/6/2018 12:00 AM,,,,,43176,605 ,1,,,1,,
,WO-PS-18-003639,,,,,3/7/2018 7:32 AM,,,3/6/2018 12:00 AM,,,,,43174,400 ,1.06,,,1,,
,WO-PS-18-003667,,,,,3/7/2018 12:21 PM,,,3/8/2018 12:00 AM,,,,,43172,210 ,3,,,0,,
,WO-PS-18-003681,,,,,3/7/2018 1:14 PM,,,3/7/2018 12:00 AM,,,,,43173,307 ,0.99,,,1,,
,WO-PS-18-003683,,,,,3/7/2018 1:47 PM,,,3/7/2018 12:00 AM,,,,,43175,504 ,1,,,"2,002",,
,WO-PS-18-003703,,,,,3/7/2018 3:49 PM,,,3/8/2018 12:00 AM,,,,,43175,509 ,2,,,"1,997",,
,WO-PS-18-003716,,,,,3/8/2018 7:39 AM,,,3/7/2018 12:00 AM,,,,,43174,400 ,1.06,,,1,,
,WO-PS-18-003725,,,,,3/8/2018 8:20 AM,,,3/7/2018 12:00 AM,,,,,43172,200 ,3,,,"6,128",,
,WO-PS-18-003732,,,,,3/8/2018 9:26 AM,,,3/9/2018 12:00 AM,,,,,43174,405 ,0,,,0,,
,WO-PS-18-003758,,,,,3/8/2018 2:24 PM,,,3/8/2018 12:00 AM,,,,,43173,304 ,1.01,,,1,,
,WO-PS-18-003765,,,,,3/8/2018 4:54 PM,,,3/9/2018 12:00 AM,,,,,43172,202 ,1,,,0,,
,WO-PS-18-003782,,,,,3/9/2018 7:43 AM,,,3/8/2018 12:00 AM,,,,,43174,400 ,1,,,1,,
,WO-PS-18-003787,,,,,3/9/2018 8:11 AM,,,3/8/2018 12:00 AM,,,,,43172,200 ,1,,,1,,
,WO-PS-18-003798,,,,,3/9/2018 10:44 AM,,,3/12/2018 12:00 AM,,,,,43172,203 ,1,,,0,,
,WO-PS-18-003799,,,,,3/9/2018 10:45 AM,,,3/15/2018 12:00 AM,,,,,43172,202 ,0.1,,,0,,
,WO-PS-18-003817,,,,,3/9/2018 1:22 PM,,,3/9/2018 12:00 AM,,,,,43173,309 ,1,,,1,,
,WO-PS-18-003832,,,,,3/12/2018 6:53 AM,,,3/9/2018 12:00 AM,,,,,43172,200 ,1,,,"1,997",,
,WO-PS-18-003847,,,,,3/12/2018 7:55 AM,,,3/9/2018 12:00 AM,,,,,43174,400 ,1.07,,,1,,
,WO-PS-18-003858,,,,,3/12/2018 10:28 AM,,,3/12/2018 12:00 AM,,,,,43172,203 ,1,,,0,,
,WO-PS-18-003867,,,,,3/12/2018 12:40 PM,,,3/12/2018 12:00 AM,,,,,43173,300 ,1,,,1,,
,WO-PS-18-003884,,,,,3/12/2018 1:49 PM,,,3/12/2018 12:00 AM,,,,,43175,506 ,1.9,,,"1,890",,
,WO-PS-18-003916,,,,,3/13/2018 6:34 AM,,,3/13/2018 12:00 AM,,,,,43124,204 ,1,,,"2,000",,
,WO-PS-18-003945,,,,,3/13/2018 9:34 AM,,,3/12/2018 12:00 AM,,,,,43176,600 ,1,,,1,,
,WO-PS-18-003980,,,,,3/13/2018 1:34 PM,,,3/13/2018 12:00 AM,,,,,43173,309 ,0.99,,,1,,
,WO-PS-18-003982,,,,,3/13/2018 1:39 PM,,,3/13/2018 12:00 AM,,,,,43175,506 ,1,,,"2,005",,
,WO-PS-18-003994,,,,,3/13/2018 2:14 PM,,,3/15/2018 12:00 AM,,,,,43175,503 ,1,,,"2,002",,
,WO-PS-18-004017,,,,,3/14/2018 7:48 AM,,,3/13/2018 12:00 AM,,,,,43172,200 ,1,,,"2,142",,
,WO-PS-18-004067,,,,,3/14/2018 1:42 PM,,,3/15/2018 12:00 AM,,,,,43174,403 ,0,,,0,,
,WO-PS-18-004074,,,,,3/14/2018 2:09 PM,,,3/14/2018 12:00 AM,,,,,43173,306 ,1.05,,,1,,
,WO-PS-18-004125,,,,,3/15/2018 1:48 PM,,,3/15/2018 12:00 AM,,,,,43175,503 ,1,,,"1,991",,
,WO-PS-18-004129,,,,,3/15/2018 1:49 PM,,,3/15/2018 12:00 AM,,,,,43173,304 ,1.04,,,1,,
,WO-PS-18-004149,,,,,3/16/2018 6:46 AM,,,3/14/2018 12:00 AM,,,,,43172,200 ,1,,,"1,995",,
,WO-PS-18-004154,,,,,3/16/2018 6:52 AM,,,3/15/2018 12:00 AM,,,,,43176,600 ,2.5,,,3,,
,WO-PS-18-004183,,,,,3/16/2018 9:47 AM,,,3/16/2018 12:00 AM,,,,,43172,209 ,1,,,0,,
,WO-PS-18-004202,,,,,3/16/2018 1:31 PM,,,3/16/2018 12:00 AM,,,,,43173,308 ,1.06,,,1,,
,WO-PS-18-004204,,,,,3/16/2018 1:40 PM,,,3/16/2018 12:00 AM,,,,,43174,405 ,0,,,0,,
,WO-PS-18-004275,,,,,3/19/2018 10:31 AM,,,3/20/2018 12:00 AM,,,,,43172,101 ,1,,,0,,
,WO-PS-18-004303,,,,,3/19/2018 1:42 PM,,,3/19/2018 12:00 AM,,,,,43173,305 ,1.05,,,1,,
,WO-PS-18-004307,,,,,3/19/2018 1:47 PM,,,3/19/2018 12:00 AM,,,,,43175,504 ,1,,,"1,990",,
,WO-PS-18-004336,,,,,3/19/2018 3:57 PM,,,3/20/2018 12:00 AM,,,,,43175,503 ,0,,,0,,
,WO-PS-18-004355,,,,,3/20/2018 8:14 AM,,,3/16/2018 12:00 AM,,,,,43172,200 ,15,,,0,,
,WO-PS-18-004358,,,,,3/20/2018 8:35 AM,,,3/16/2018 12:00 AM,,,,,43176,600 ,1,,,1,,
,WO-PS-18-004359,,,,,3/20/2018 8:38 AM,,,3/19/2018 12:00 AM,,,,,43172,200 ,20,,,0,,
,WO-PS-18-004384,,,,,3/20/2018 11:30 AM,,,3/21/2018 12:00 AM,,,,,43172,205 ,1,,,0,,
,WO-PS-18-004386,,,,,3/20/2018 12:38 PM,,,3/21/2018 12:00 AM,,,,,43172,207 ,1,,,0,,
,WO-PS-18-004436,,,,,3/21/2018 8:19 AM,,,3/19/2018 12:00 AM,,,,,43176,600 ,1,,,2,,
,WO-PS-18-004448,,,,,3/21/2018 8:36 AM,,,3/20/2018 12:00 AM,,,,,43176,600 ,1,,,2,,
,WO-PS-18-004465,,,,,3/21/2018 11:44 AM,,,3/21/2018 12:00 AM,,,,,43175,503 ,1,,,"2,017",,
,WO-PS-18-004540,,,,,3/22/2018 6:35 AM,,,3/21/2018 12:00 AM,,,,,43172,200 ,1.5,,,"2,983",,
,WO-PS-18-004577,,,,,3/22/2018 11:12 AM,,,3/22/2018 12:00 AM,,,,,43175,503 ,0,,,0,,
,WO-PS-18-004605,,,,,3/23/2018 7:08 AM,,,3/22/2018 12:00 AM,,,,,43172,200 ,2,,,"4,007",,
,WO-PS-18-004613,,,,,3/23/2018 7:22 AM,,,3/22/2018 12:00 AM,,,,,43174,400 ,1.01,,,1,,
,WO-PS-18-004625,,,,,3/23/2018 8:19 AM,,,3/22/2018 12:00 AM,,,,,43176,600 ,1,,,2,,
,WO-PS-18-004629,,,,,3/23/2018 9:32 AM,,,3/26/2018 12:00 AM,,,,,43174,408 ,0,,,0,,
,WO-PS-18-004706,,,,,3/26/2018 7:56 AM,,,3/23/2018 12:00 AM,,,,,43176,600 ,1,,,2,,
,WO-PS-18-004712,,,,,3/26/2018 8:06 AM,,,3/23/2018 12:00 AM,,,,,43172,200 ,2,,,"4,059",,
,WO-PS-18-004735,,,,,3/26/2018 9:21 AM,,,3/27/2018 12:00 AM,,,,,43176,602 ,0,,,0,,
,WO-PS-18-004739,,,,,3/26/2018 10:57 AM,,,3/27/2018 12:00 AM,,,,,43174,405 ,0,,,0,,
,WO-PS-18-004750,,,,,3/26/2018 12:41 PM,,,3/28/2018 12:00 AM,,,,,43175,504 ,1,,,"1,994",,
,WO-PS-18-004762,,,,,3/26/2018 2:12 PM,,,3/27/2018 12:00 AM,,,,,43172,202 ,5,,,0,,
,WO-PS-18-004763,,,,,3/26/2018 2:19 PM,,,3/27/2018 12:00 AM,,,,,43124,501 ,0.49,,,"1,000",,
,WO-PS-18-004772,,,,,3/26/2018 4:01 PM,,,3/27/2018 12:00 AM,,,,,43174,405 ,0,,,0,,
,WO-PS-18-004824,,,,,3/27/2018 12:44 PM,,,3/28/2018 12:00 AM,,,,,43172,101 ,1,,,0,,
,WO-PS-18-004831,,,,,3/27/2018 1:32 PM,,,3/27/2018 12:00 AM,,,,,43173,305 ,1,,,1,,
,WO-PS-18-004876,,,,,3/28/2018 7:47 AM,,,3/27/2018 12:00 AM,,,,,43174,400 ,1,,,1,,
,WO-PS-18-004885,,,,,3/28/2018 8:35 AM,,,3/29/2018 12:00 AM,,,,,43124,104 ,0.05,,,5,,
,WO-PS-18-004886,,,,,3/28/2018 8:38 AM,,,3/26/2018 12:00 AM,,,,,43176,600 ,1,,,2,,
,WO-PS-18-004902,,,,,3/28/2018 9:22 AM,,,3/27/2018 12:00 AM,,,,,43176,600 ,1,,,2,,
,WO-PS-18-004910,,,,,3/28/2018 10:20 AM,,,3/29/2018 12:00 AM,,,,,43174,407 ,0,,,0,,
,WO-PS-18-004939,,,,,3/28/2018 3:22 PM,,,3/29/2018 12:00 AM,,,,,43172,201 ,3,,,0,,
,WO-PS-18-004986,,,,,3/29/2018 11:06 AM,,,4/2/2018 12:00 AM,,,,,43172,210 ,1,,,0,,
,WO-PS-18-005001,,,,,3/29/2018 2:45 PM,,,4/4/2018 12:00 AM,,,,,43175,502 ,0,,,0,,
,WO-PS-18-005065,,,,,4/2/2018 8:42 AM,,,3/29/2018 12:00 AM,,,,,43174,400 ,1.06,,,1,,
,WO-PS-18-005069,,,,,4/2/2018 8:47 AM,,,4/4/2018 12:00 AM,,,,,43175,502 ,0,,,0,,
,WO-PS-18-005074,,,,,4/2/2018 8:50 AM,,,4/3/2018 12:00 AM,,,,,43124,502 ,1,,,"2,000",,
,WO-PS-18-005087,,,,,4/2/2018 9:25 AM,,,4/3/2018 12:00 AM,,,,,43174,406 ,0,,,0,,
,WO-PS-18-005123,,,,,4/2/2018 1:39 PM,,,4/3/2018 12:00 AM,,,,,43172,210 ,1,,,0,,
,WO-PS-18-005125,,,,,4/2/2018 1:48 PM,,,4/3/2018 12:00 AM,,,,,43174,103 ,0,,,0,,
,WO-PS-18-005157,,,,,4/3/2018 7:54 AM,,,4/2/2018 12:00 AM,,,,,43174,400 ,1,,,1,,
,WO-PS-18-005283,,,,,4/4/2018 11:29 AM,,,4/5/2018 12:00 AM,,,,,43110,409 ,0,,,0,,
,WO-PS-18-005295,,,,,4/4/2018 12:45 PM,,,4/4/2018 12:00 AM,,,,,43175,503 ,0,,,0,,
,WO-PS-18-005357,,,,,4/5/2018 9:22 AM,,,4/4/2018 12:00 AM,,,,,43174,400 ,1,,,1,,
,WO-PS-18-005364,,,,,4/5/2018 12:53 PM,,,4/6/2018 12:00 AM,,,,,43176,607 ,0,,,0,,
,WO-PS-18-005388,,,,,4/5/2018 3:37 PM,,,4/6/2018 12:00 AM,,,,,43174,405 ,0,,,0,,
,WO-PS-18-005407,,,,,4/6/2018 7:45 AM,,,4/5/2018 12:00 AM,,,,,43174,400 ,1,,,1,,
,WO-PS-18-005461,,,,,4/6/2018 1:33 PM,,,4/9/2018 12:00 AM,,,,,43172,201 ,1,,,0,,
,WO-PS-18-005462,,,,,4/6/2018 1:36 PM,,,4/10/2018 12:00 AM,,,,,43175,506 ,1.5,,,2,,
,WO-PS-18-005506,,,,,4/9/2018 7:45 AM,,,4/6/2018 12:00 AM,,,,,43174,400 ,1.06,,,1,,
,WO-PS-18-005510,,,,,4/9/2018 7:53 AM,,,4/6/2018 12:00 AM,,,,,43176,607 ,1,,,1,,
,WO-PS-18-005526,,,,,4/9/2018 9:23 AM,,,4/10/2018 12:00 AM,,,,,43173,304 ,0,,,0,,
,WO-PS-18-005614,,,,,4/10/2018 8:35 AM,,,4/9/2018 12:00 AM,,,,,43174,400 ,1.07,,,1,,
,WO-PS-18-005639,,,,,4/10/2018 11:05 AM,,,4/11/2018 12:00 AM,,,,,43174,406 ,0,,,0,,
,WO-PS-18-005648,,,,,4/10/2018 1:23 PM,,,4/11/2018 12:00 AM,,,,,43174,406 ,0,,,0,,
,WO-PS-18-005650,,,,,4/10/2018 1:25 PM,,,4/11/2018 12:00 AM,,,,,43174,405 ,0,,,0,,
,WO-PS-18-005737,,,,,4/11/2018 8:46 AM,,,4/10/2018 12:00 AM,,,,,43176,600 ,1,,,2,,
,WO-PS-18-005743,,,,,4/11/2018 9:09 AM,,,4/10/2018 12:00 AM,,,,,43174,400 ,1,,,1,,
,WO-PS-18-005777,,,,,4/11/2018 3:01 PM,,,4/12/2018 12:00 AM,,,,,43172,202 ,1,,,0,,
,WO-PS-18-005803,,,,,4/12/2018 7:52 AM,,,4/11/2018 12:00 AM,,,,,43174,400 ,1,,,1,,
,WO-PS-18-005849,,,,,4/12/2018 12:58 PM,,,4/13/2018 12:00 AM,,,,,43110,403 ,0,,,0,,
,WO-PS-18-005850,,,,,4/12/2018 1:00 PM,,,4/25/2018 12:00 AM,,,,,43124,310 ,1,,,"2,000",,
,WO-PS-18-005851,,,,,4/12/2018 1:20 PM,,,4/13/2018 12:00 AM,,,,,43174,409 ,0,,,0,,
,WO-PS-18-005865,,,,,4/12/2018 2:18 PM,,,4/16/2018 12:00 AM,,,,,43124,309 ,3.13,,,"6,000",,
,WO-PS-18-005901,,,,,4/13/2018 7:41 AM,,,4/12/2018 12:00 AM,,,,,43174,400 ,1,,,1,,
,WO-PS-18-005908,,,,,4/13/2018 8:17 AM,,,4/12/2018 12:00 AM,,,,,43176,608 ,1,,,2,,
,WO-PS-18-005943,,,,,4/13/2018 12:13 PM,,,4/16/2018 12:00 AM,,,,,43172,210 ,1,,,0,,
,WO-PS-18-005960,,,,,4/13/2018 1:40 PM,,,4/17/2018 12:00 AM,,,,,43175,510 ,0,,,0,,
,WO-PS-18-005961,,,,,4/13/2018 1:41 PM,,,4/17/2018 12:00 AM,,,,,43175,510 ,0,,,0,,
,WO-PS-18-005976,,,,,4/13/2018 4:08 PM,,,4/17/2018 12:00 AM,,,,,43173,104 ,0,,,0,,
,WO-PS-18-006002,,,,,4/16/2018 7:53 AM,,,4/13/2018 12:00 AM,,,,,43174,400 ,1,,,1,,
,WO-PS-18-006013,,,,,4/16/2018 8:38 AM,,,4/17/2018 12:00 AM,,,,,43174,405 ,0,,,0,,
,WO-PS-18-006033,,,,,4/16/2018 10:40 AM,,,4/25/2018 12:00 AM,,,,,43124,508 ,0.25,,,500,,
,WO-PS-18-006074,,,,,4/17/2018 6:29 AM,,,4/17/2018 12:00 AM,,,,,43175,508 ,0,,,0,,
,WO-PS-18-006132,,,,,4/17/2018 10:58 AM,,,5/1/2018 12:00 AM,,,,,43124,608 ,1,,,"2,000",,
,WO-PS-18-006187,,,,,4/18/2018 7:52 AM,,,4/17/2018 12:00 AM,,,,,43174,400 ,1,,,1,,
,WO-PS-18-006195,,,,,4/18/2018 8:22 AM,,,4/16/2018 12:00 AM,,,,,43176,600 ,1,,,2,,
,WO-PS-18-006201,,,,,4/18/2018 8:40 AM,,,4/17/2018 12:00 AM,,,,,43176,601 ,1,,,1,,
,WO-PS-18-006214,,,,,4/18/2018 10:31 AM,,,4/19/2018 12:00 AM,,,,,43174,401 ,0,,,0,,
,WO-PS-18-006256,,,,,4/19/2018 7:28 AM,,,4/19/2018 12:00 AM,,,,,43172,208 ,3,,,0,,
,WO-PS-18-006273,,,,,4/19/2018 8:11 AM,,,4/20/2018 12:00 AM,,,,,43175,510 ,0,,,0,,
,WO-PS-18-006283,,,,,4/19/2018 8:31 AM,,,4/18/2018 12:00 AM,,,,,43174,400 ,1,,,1,,
,WO-PS-18-006300,,,,,4/19/2018 10:04 AM,,,4/19/2018 12:00 AM,,,,,43172,101 ,2,,,0,,
,WO-PS-18-006341,,,,,4/20/2018 7:15 AM,,,4/19/2018 12:00 AM,,,,,43176,600 ,1,,,2,,
,WO-PS-18-006363,,,,,4/20/2018 7:57 AM,,,4/19/2018 12:00 AM,,,,,43174,400 ,1.05,,,1,,
,WO-PS-18-006380,,,,,4/20/2018 10:16 AM,,,4/20/2018 12:00 AM,,,,,43172,206 ,1,,,0,,
,WO-PS-18-006439,,,,,4/23/2018 7:31 AM,,,4/20/2018 12:00 AM,,,,,43174,400 ,1.01,,,1,,
,WO-PS-18-006474,,,,,4/23/2018 12:02 PM,,,4/25/2018 12:00 AM,,,,,43124,509 ,0.5,,,"1,000",,
,WO-PS-18-006561,,,,,4/24/2018 9:17 AM,,,4/25/2018 12:00 AM,,,,,43173,303 ,1,,,0,,
,WO-PS-18-006564,,,,,4/24/2018 9:27 AM,,,4/24/2018 12:00 AM,,,,,43175,509 ,0,,,0,,
,WO-PS-18-006612,,,,,4/24/2018 4:05 PM,,,4/26/2018 12:00 AM,,,,,43172,101 ,7,,,0,,
,WO-PS-18-006644,,,,,4/25/2018 9:31 AM,,,4/26/2018 12:00 AM,,,,,43175,105 ,0,,,0,,
,WO-PS-18-006695,,,,,4/25/2018 4:37 PM,,,4/26/2018 12:00 AM,,,,,43174,402 ,0,,,0,,
,WO-PS-18-006719,,,,,4/26/2018 7:45 AM,,,4/25/2018 12:00 AM,,,,,43174,400 ,1,,,1,,
,WO-PS-18-006733,,,,,4/26/2018 9:35 AM,,,4/27/2018 12:00 AM,,,,,43174,402 ,0,,,0,,
,WO-PS-18-006751,,,,,4/26/2018 12:23 PM,,,4/26/2018 12:00 AM,,,,,43175,506 ,1,,,"2,000",,
,WO-PS-18-006756,,,,,4/26/2018 12:49 PM,,,4/27/2018 12:00 AM,,,,,43172,210 ,0,,,0,,
,WO-PS-18-006770,,,,,4/26/2018 2:44 PM,,,4/27/2018 12:00 AM,,,,,43172,206 ,1,,,0,,
,WO-PS-18-006825,,,,,4/27/2018 9:18 AM,,,4/25/2018 12:00 AM,,,,,43176,600 ,1,,,2,,
,WO-PS-18-006870,,,,,4/27/2018 3:47 PM,,,4/30/2018 12:00 AM,,,,,43176,502 ,0,,,0,,
,WO-PS-18-006933,,,,,4/30/2018 7:51 AM,,,4/27/2018 12:00 AM,,,,,43174,400 ,1,,,1,,
,WO-PS-18-006960,,,,,4/30/2018 10:24 AM,,,5/1/2018 12:00 AM,,,,,43110,407 ,0,,,0,,
,WO-PS-18-006984,,,,,4/30/2018 1:05 PM,,,5/7/2018 12:00 AM,,,,,43124,209 ,0.5,,,"1,000",,
,WO-PS-18-007036,,,,,4/30/2018 3:44 PM,,,5/2/2018 12:00 AM,,,,,43176,102 ,0,,,0,,
,WO-PS-18-007041,,,,,4/30/2018 4:03 PM,,,5/10/2018 12:00 AM,,,,,43124,509 ,0.5,,,"1,000",,
,WO-PS-18-007089,,,,,5/1/2018 7:41 AM,,,4/30/2018 12:00 AM,,,,,43174,400 ,1,,,1,,
,WO-PS-18-007108,,,,,5/1/2018 8:23 AM,,,5/2/2018 12:00 AM,,,,,43172,210 ,2,,,0,,
,WO-PS-18-007253,,,,,5/2/2018 8:40 AM,,,5/1/2018 12:00 AM,,,,,43174,400 ,1.06,,,1,,
,WO-PS-18-007269,,,,,5/2/2018 9:16 AM,,,5/3/2018 12:00 AM,,,,,43124,610 ,1,,,"2,000",,
,WO-PS-18-007400,,,,,5/3/2018 7:49 AM,,,5/2/2018 12:00 AM,,,,,43174,400 ,1,,,1,,
,WO-PS-18-007451,,,,,5/3/2018 1:00 PM,,,5/8/2018 12:00 AM,,,,,43124,506 ,0.5,,,"1,000",,
,WO-PS-18-007486,,,,,5/3/2018 2:37 PM,,,5/7/2018 12:00 AM,,,,,43172,207 ,1,,,0,,
,WO-PS-18-007553,,,,,5/4/2018 7:51 AM,,,5/3/2018 12:00 AM,,,,,43174,400 ,1,,,1,,
,WO-PS-18-007599,,,,,5/4/2018 9:07 AM,,,5/8/2018 12:00 AM,,,,,43124,101 ,0.5,,,"1,000",,
,WO-PS-18-007662,,,,,5/4/2018 3:10 PM,,,5/8/2018 12:00 AM,,,,,43124,204 ,0.5,,,"1,000",,
,WO-PS-18-007692,,,,,5/7/2018 8:07 AM,,,5/4/2018 12:00 AM,,,,,43174,400 ,1,,,1,,
,WO-PS-18-007748,,,,,5/7/2018 1:42 PM,,,5/9/2018 12:00 AM,,,,,43175,602 ,0,,,0,,
,WO-PS-18-007797,,,,,5/7/2018 4:09 PM,,,5/22/2018 12:00 AM,,,,,43124,502 ,0,,,0,,
,WO-PS-18-007849,,,,,5/8/2018 10:22 AM,,,5/9/2018 12:00 AM,,,,,43172,204 ,5,,,0,,
,WO-PS-18-007902,,,,,5/8/2018 2:32 PM,,,5/8/2018 12:00 AM,,,,,43173,303 ,1,,,1,,
,WO-PS-18-007903,,,,,5/8/2018 2:34 PM,,,5/9/2018 12:00 AM,,,,,43175,505 ,0,,,0,,
,WO-PS-18-007954,,,,,5/9/2018 7:53 AM,,,5/8/2018 12:00 AM,,,,,43174,400 ,1,,,1,,
,WO-PS-18-008106,,,,,5/10/2018 8:42 AM,,,5/11/2018 12:00 AM,,,,,43174,409 ,0,,,0,,
,WO-PS-18-008115,,,,,5/10/2018 8:54 AM,,,5/9/2018 12:00 AM,,,,,43174,400 ,1,,,1,,
,WO-PS-18-008240,,,,,5/11/2018 12:43 PM,,,5/15/2018 12:00 AM,,,,,43172,101 ,1,,,0,,
,WO-PS-18-008408,,,,,5/14/2018 3:05 PM,,,5/14/2018 12:00 AM,,,,,43173,300 ,0.99,,,1,,
,WO-PS-18-008563,,,,,5/15/2018 4:03 PM,,,5/16/2018 12:00 AM,,,,,43171,101 ,0,,,0,,
,WO-PS-18-008641,,,,,5/16/2018 10:14 AM,,,5/17/2018 12:00 AM,,,,,43172,N/A,1,,,0,,
,WO-PS-18-008660,,,,,5/16/2018 11:04 AM,,,5/17/2018 12:00 AM,,,,,43172,101 ,1,,,0,,
,WO-PS-18-008694,,,,,5/16/2018 4:28 PM,,,5/17/2018 12:00 AM,,,,,43172,206 ,1,,,0,,
,WO-PS-18-008772,,,,,5/17/2018 10:31 AM,,,5/21/2018 12:00 AM,,,,,43124,510 ,0.25,,,500,,
,WO-PS-18-008988,,,,,5/21/2018 6:27 AM,,,5/21/2018 12:00 AM,,,,,43124,102 ,0.5,,,"1,000",,
,WO-PS-18-009031,,,,,5/21/2018 9:06 AM,,,5/18/2018 12:00 AM,,,,,43176,603 ,1,,,3,,
,WO-PS-18-009122,,,,,5/21/2018 4:32 PM,,,5/22/2018 12:00 AM,,,,,43172,208 ,1,,,0,,
,WO-PS-18-009151,,,,,5/22/2018 7:36 AM,,,5/21/2018 12:00 AM,,,,,43176,603 ,1,,,3,,
,WO-PS-18-009234,,,,,5/22/2018 2:15 PM,,,5/24/2018 12:00 AM,,,,,43124,605 ,3,,,"6,000",,
,WO-PS-18-009245,,,,,5/22/2018 2:35 PM,,,5/22/2018 12:00 AM,,,,,43173,304 ,1,,,1,,
,WO-PS-18-009357,,,,,5/23/2018 2:28 PM,,,5/23/2018 12:00 AM,,,,,43173,300 ,1.01,,,1,,
,WO-PS-18-009475,,,,,5/24/2018 2:02 PM,,,5/24/2018 12:00 AM,,,,,43173,306 ,1.06,,,1,,
,WO-PS-18-009657,,,,,5/29/2018 10:55 AM,,,5/29/2018 12:00 AM,,,,,43110,503 ,0,,,0,,
,WO-PS-18-009710,,,,,5/29/2018 1:34 PM,,,5/29/2018 12:00 AM,,,,,43173,303 ,1.01,,,1,,
,WO-PS-18-009758,,,,,5/30/2018 7:00 AM,,,5/31/2018 12:00 AM,,,,,43172,210 ,1,,,0,,
,WO-PS-18-009831,,,,,5/30/2018 1:49 PM,,,5/30/2018 12:00 AM,,,,,43173,306 ,1,,,1,,
,WO-PS-18-009846,,,,,5/30/2018 2:35 PM,,,5/31/2018 12:00 AM,,,,,43172,205 ,2,,,0,,
,WO-PS-18-009895,,,,,5/31/2018 8:42 AM,,,6/1/2018 12:00 AM,,,,,43172,208 ,1,,,0,,
,WO-PS-18-009947,,,,,5/31/2018 1:50 PM,,,5/31/2018 12:00 AM,,,,,43173,305 ,1,,,1,,
,WO-PS-18-009984,,,,,6/1/2018 7:53 AM,,,6/18/2018 12:00 AM,,,,,43124,610 ,0,,,0,,
,WO-PS-18-010046,,,,,6/1/2018 12:06 PM,,,6/5/2018 12:00 AM,,,,,43172,205 ,1,,,0,,
,WO-PS-18-010329,,,,,6/5/2018 4:40 PM,,,6/6/2018 12:00 AM,,,,,43175,506 ,0,,,0,,
,WO-PS-18-010361,,,,,6/6/2018 7:59 AM,,,6/7/2018 12:00 AM,,,,,43172,101 ,1,,,0,,
,WO-PS-18-010394,,,,,6/6/2018 1:14 PM,,,6/5/2018 12:00 AM,,,,,43124,304 ,0.5,,,"1,000",,
,WO-PS-18-010396,,,,,6/6/2018 1:17 PM,,,6/7/2018 12:00 AM,,,,,43172,210 ,2,,,0,,
,WO-PS-18-010410,,,,,6/6/2018 2:40 PM,,,6/6/2018 12:00 AM,,,,,43173,308 ,1,,,1,,
,WO-PS-18-010425,,,,,6/6/2018 4:39 PM,,,6/7/2018 12:00 AM,,,,,43175,507 ,0,,,0,,
,WO-PS-18-010519,,,,,6/7/2018 1:51 PM,,,6/8/2018 12:00 AM,,,,,43110,403 ,0,,,0,,
,WO-PS-18-010620,,,,,6/8/2018 1:42 PM,,,6/11/2018 12:00 AM,,,,,43172,202 ,1,,,0,,
,WO-PS-18-010738,,,,,6/11/2018 1:53 PM,,,6/11/2018 12:00 AM,,,,,43173,303 ,1,,,1,,
,WO-PS-18-010796,,,,,6/12/2018 9:29 AM,,,6/12/2018 12:00 AM,,,,,43172,204 ,6,,,0,,
,WO-PS-18-010851,,,,,6/12/2018 3:12 PM,,,6/14/2018 12:00 AM,,,,,43175,505 ,0,,,0,,
,WO-PS-18-010927,,,,,6/13/2018 11:47 AM,,,6/14/2018 12:00 AM,,,,,43175,N/A,0,,,0,,
,WO-PS-18-010928,,,,,6/13/2018 11:50 AM,,,6/13/2018 12:00 AM,,,,,43175,506 ,0,,,0,,
,WO-PS-18-010948,,,,,6/13/2018 1:43 PM,,,6/15/2018 12:00 AM,,,,,43174,407 ,0,,,0,,
,WO-PS-18-011080,,,,,6/14/2018 3:02 PM,,,6/14/2018 12:00 AM,,,,,43173,302 ,1,,,1,,
,WO-PS-18-011206,,,,,6/18/2018 8:36 AM,,,6/20/2018 12:00 AM,,,,,43174,103 ,0,,,0,,
,WO-PS-18-011209,,,,,6/18/2018 8:41 AM,,,8/27/2018 12:00 AM,,,,,43124,505 ,0.25,,,500,,
,WO-PS-18-011210,,,,,6/18/2018 8:44 AM,,,6/22/2018 12:00 AM,,,,,43124,607 ,0.5,,,"1,000",,
,WO-PS-18-011321,,,,,6/18/2018 2:22 PM,,,6/18/2018 12:00 AM,,,,,43173,302 ,1,,,1,,
,WO-PS-18-011345,,,,,6/19/2018 6:45 AM,,,6/21/2018 12:00 AM,,,,,43124,200 ,5.49,,,"11,000",,
,WO-PS-18-011544,,,,,6/20/2018 12:58 PM,,,6/22/2018 12:00 AM,,,,,43124,607 ,0.25,,,500,,
,WO-PS-18-011563,,,,,6/20/2018 2:28 PM,,,6/20/2018 12:00 AM,,,,,43173,303 ,1,,,1,,
,WO-PS-18-011574,,,,,6/20/2018 3:42 PM,,,6/21/2018 12:00 AM,,,,,43172,206 ,1,,,0,,
,WO-PS-18-011685,,,,,6/21/2018 2:13 PM,,,6/21/2018 12:00 AM,,,,,43173,305 ,1,,,1,,
,WO-PS-18-011697,,,,,6/21/2018 3:04 PM,,,6/22/2018 12:00 AM,,,,,43124,604 ,0.25,,,500,,
,WO-PS-18-011803,,,,,6/22/2018 3:55 PM,,,6/29/2018 12:00 AM,,,,,43124,102 ,1,,,"2,000",,
,WO-PS-18-012137,,,,,6/27/2018 8:44 AM,,,6/27/2018 12:00 AM,,,,,43175,500 ,40,,,"1,885",,
,WO-PS-18-012256,,,,,6/28/2018 9:01 AM,,,6/28/2018 12:00 AM,,,,,43175,503 ,0,,,0,,
,WO-PS-18-012598,,,,,7/2/2018 2:42 PM,,,7/6/2018 12:00 AM,,,,,43110,504 ,0,,,0,,
,WO-PS-18-012656,,,,,7/3/2018 9:36 AM,,,7/3/2018 12:00 AM,,,,,43174,406 ,0,,,0,,
,WO-PS-18-012686,,,,,7/3/2018 11:21 AM,,,7/5/2018 12:00 AM,,,,,43174,406 ,0,,,0,,
,WO-PS-18-012713,,,,,7/3/2018 1:45 PM,,,7/6/2018 12:00 AM,,,,,43124,304 ,1,,,200,,
,WO-PS-18-012740,,,,,7/3/2018 4:23 PM,,,7/6/2018 12:00 AM,,,,,43124,301 ,0.5,,,"1,000",,
,WO-PS-18-012741,,,,,7/3/2018 4:35 PM,,,7/6/2018 12:00 AM,,,,,43110,504 ,0,,,0,,
,WO-PS-18-012769,,,,,7/5/2018 7:59 AM,,,7/9/2018 12:00 AM,,,,,43124,205 ,0.5,,,"1,000",,
,WO-PS-18-012825,,,,,7/5/2018 1:30 PM,,,7/9/2018 12:00 AM,,,,,43124,203 ,0.99,,,"2,000",,
,WO-PS-18-012827,,,,,7/5/2018 1:51 PM,,,11/14/2018 12:00 AM,,,,,43124,206 ,0.25,,,500,,
,WO-PS-18-012848,,,,,7/5/2018 3:22 PM,,,7/6/2018 12:00 AM,,,,,43175,503 ,0,,,0,,
,WO-PS-18-013002,,,,,7/9/2018 8:30 AM,,,7/10/2018 12:00 AM,,,,,43124,506 ,0,,,0,,
,WO-PS-18-013257,,,,,7/10/2018 3:27 PM,,,7/11/2018 12:00 AM,,,,,43174,407 ,0,,,0,,
,WO-PS-18-013398,,,,,7/11/2018 3:10 PM,,,7/12/2018 12:00 AM,,,,,43175,509 ,0,,,0,,
,WO-PS-18-013610,,,,,7/13/2018 1:56 PM,,,7/13/2018 12:00 AM,,,,,43173,310 ,1,,,1,,
,WO-PS-18-013668,,,,,7/16/2018 7:34 AM,,,7/17/2018 12:00 AM,,,,,43172,206 ,1,,,0,,
,WO-PS-18-013880,,,,,7/17/2018 10:46 AM,,,7/23/2018 12:00 AM,,,,,43124,505 ,0.25,,,500,,
,WO-PS-18-013904,,,,,7/17/2018 1:39 PM,,,7/18/2018 12:00 AM,,,,,43172,209 ,2,,,0,,
,WO-PS-18-014142,,,,,7/19/2018 11:11 AM,,,7/20/2018 12:00 AM,,,,,43172,205 ,1,,,0,,
,WO-PS-18-014185,,,,,7/19/2018 4:48 PM,,,7/23/2018 12:00 AM,,,,,43173,302 ,0,,,0,,
,WO-PS-18-014391,,,,,7/23/2018 8:34 AM,,,7/24/2018 12:00 AM,,,,,43174,103 ,0,,,0,,
,WO-PS-18-014416,,,,,7/23/2018 10:34 AM,,,7/24/2018 12:00 AM,,,,,43174,403 ,0,,,0,,
,WO-PS-18-014538,,,,,7/24/2018 8:15 AM,,,7/24/2018 12:00 AM,,,,,43174,407 ,0,,,0,,
,WO-PS-18-014654,,,,,7/25/2018 8:38 AM,,,7/31/2018 12:00 AM,,,,,43124,202 ,0.5,,,"1,000",,
,WO-PS-18-014788,,,,,7/26/2018 9:23 AM,,,7/30/2018 12:00 AM,,,,,43124,104 ,0.5,,,"1,000",,
,WO-PS-18-014920,,,,,7/27/2018 10:50 AM,,,7/30/2018 12:00 AM,,,,,43174,405 ,0,,,0,,
,WO-PS-18-015068,,,,,7/30/2018 1:14 PM,,,8/6/2018 12:00 AM,,,,,43124,210 ,1.06,,,"2,000",,
,WO-PS-18-015095,,,,,7/30/2018 4:52 PM,,,8/1/2018 12:00 AM,,,,,43175,502 ,0,,,0,,
,WO-PS-18-015174,,,,,7/31/2018 11:00 AM,,,8/1/2018 12:00 AM,,,,,43110,409 ,0,,,0,,
,WO-PS-18-015215,,,,,7/31/2018 3:12 PM,,,8/1/2018 12:00 AM,,,,,43124,410 ,0,,,0,,
,WO-PS-18-015291,,,,,8/1/2018 1:24 PM,,,8/3/2018 12:00 AM,,,,,43124,104 ,1,,,"2,000",,
,WO-PS-18-015301,,,,,8/1/2018 2:15 PM,,,7/31/2018 12:00 AM,,,,,43124,101 ,0.5,,,"1,000",,
,WO-PS-18-015473,,,,,8/3/2018 9:09 AM,,,8/6/2018 12:00 AM,,,,,43174,405 ,0,,,0,,
,WO-PS-18-015713,,,,,8/6/2018 3:48 PM,,,8/7/2018 12:00 AM,,,,,43124,203 ,1,,,"2,000",,
,WO-PS-18-015771,,,,,8/7/2018 8:36 AM,,,8/9/2018 12:00 AM,,,,,43124,410 ,0.5,,,"1,000",,
,WO-PS-18-015813,,,,,8/7/2018 2:45 PM,,,8/7/2018 12:00 AM,,,,,43173,301 ,1,,,1,,
,WO-PS-18-015913,,,,,8/8/2018 1:59 PM,,,8/9/2018 12:00 AM,,,,,43174,103 ,0,,,0,,
,WO-PS-18-016042,,,,,8/9/2018 1:58 PM,,,8/13/2018 12:00 AM,,,,,43124,208 ,0.25,,,500,,
,WO-PS-18-016059,,,,,8/9/2018 2:33 PM,,,8/13/2018 12:00 AM,,,,,43124,101 ,0.25,,,500,,
,WO-PS-18-016182,,,,,8/10/2018 1:59 PM,,,8/24/2018 12:00 AM,,,,,43111,301 ,1,,,0,,
,WO-PS-18-016234,,,,,8/13/2018 10:12 AM,,,8/14/2018 12:00 AM,,,,,43172,204 ,1,,,0,,
,WO-PS-18-016322,,,,,8/14/2018 8:40 AM,,,8/10/2018 12:00 AM,,,,,43176,603 ,1,,,1,,
,WO-PS-18-016331,,,,,8/14/2018 9:00 AM,,,8/13/2018 12:00 AM,,,,,43176,603 ,1,,,2,,
,WO-PS-18-016466,,,,,8/15/2018 1:59 PM,,,8/16/2018 12:00 AM,,,,,43175,503 ,0,,,0,,
,WO-PS-18-016504,,,,,8/15/2018 3:36 PM,,,8/21/2018 12:00 AM,,,,,43174,103 ,0,,,0,,
,WO-PS-18-016531,,,,,8/16/2018 7:12 AM,,,8/14/2018 12:00 AM,,,,,43176,601 ,1,,,2,,
,WO-PS-18-016551,,,,,8/16/2018 7:36 AM,,,8/15/2018 12:00 AM,,,,,43176,601 ,1,,,1,,
,WO-PS-18-016598,,,,,8/16/2018 10:23 AM,,,8/17/2018 12:00 AM,,,,,43172,206 ,1,,,0,,
,WO-PS-18-016623,,,,,8/16/2018 1:11 PM,,,8/16/2018 12:00 AM,,,,,43110,406 ,0,,,0,,
,WO-PS-18-016658,,,,,8/17/2018 6:16 AM,,,8/16/2018 12:00 AM,,,,,43124,104 ,0.5,,,"1,000",,
,WO-PS-18-016666,,,,,8/17/2018 7:17 AM,,,8/16/2018 12:00 AM,,,,,43176,602 ,1,,,1,,
,WO-PS-18-016743,,,,,8/17/2018 2:39 PM,,,8/20/2018 12:00 AM,,,,,43174,406 ,0,,,0,,
,WO-PS-18-017061,,,,,8/22/2018 2:35 PM,,,8/23/2018 12:00 AM,,,,,43175,504 ,0,,,0,,
,WO-PS-18-017289,,,,,8/24/2018 10:25 AM,,,8/28/2018 12:00 AM,,,,,43124,204 ,1,,,"2,000",,
,WO-PS-18-017506,,,,,8/28/2018 7:39 AM,,,8/29/2018 12:00 AM,,,,,43172,210 ,5,,,0,,
,WO-PS-18-017595,,,,,8/28/2018 3:46 PM,,,8/30/2018 12:00 AM,,,,,43175,506 ,0,,,0,,
,WO-PS-18-017659,,,,,8/29/2018 9:20 AM,,,8/30/2018 12:00 AM,,,,,43175,503 ,0,,,0,,
,WO-PS-18-017668,,,,,8/29/2018 10:50 AM,,,8/30/2018 12:00 AM,,,,,43174,406 ,0,,,0,,
,WO-PS-18-017695,,,,,8/29/2018 3:02 PM,,,8/30/2018 12:00 AM,,,,,43175,506 ,0,,,0,,
,WO-PS-18-017728,,,,,8/30/2018 7:41 AM,,,8/30/2018 12:00 AM,,,,,43175,500 ,1,,,1,,
,WO-PS-18-017784,,,,,8/30/2018 1:10 PM,,,9/5/2018 12:00 AM,,,,,43124,503 ,2,,,"4,000",,
,WO-PS-18-017809,,,,,8/30/2018 4:36 PM,,,9/4/2018 12:00 AM,,,,,43172,101 ,1,,,0,,
,WO-PS-18-018176,,,,,9/5/2018 2:13 PM,,,9/5/2018 12:00 AM,,,,,43173,310 ,1,,,1,,
,WO-PS-18-018248,,,,,9/6/2018 9:53 AM,,,9/13/2018 12:00 AM,,,,,43124,609 ,0.25,,,500,,
,WO-PS-18-018855,,,,,9/13/2018 4:36 PM,,,9/18/2018 12:00 AM,,,,,43124,208 ,0.5,,,"1,000",,
,WO-PS-18-018888,,,,,9/14/2018 10:49 AM,,,9/17/2018 12:00 AM,,,,,43172,203 ,1,,,0,,
,WO-PS-18-018910,,,,,9/14/2018 2:40 PM,,,9/17/2018 12:00 AM,,,,,43174,408 ,0,,,0,,
,WO-PS-18-018913,,,,,9/14/2018 3:38 PM,,,9/17/2018 12:00 AM,,,,,43172,201 ,1,,,0,,
,WO-PS-18-018949,,,,,9/17/2018 9:04 AM,,,9/17/2018 12:00 AM,,,,,43172,204 ,1,,,0,,
,WO-PS-18-019052,,,,,9/18/2018 9:27 AM,,,9/19/2018 12:00 AM,,,,,43173,304 ,0,,,0,,
,WO-PS-18-019838,,,,,9/27/2018 12:41 PM,,,10/5/2018 12:00 AM,,,,,43124,210 ,0.5,,,"1,000",,
,WO-PS-18-019880,,,,,9/27/2018 4:12 PM,,,10/1/2018 12:00 AM,,,,,43172,203 ,2,,,0,,
,WO-PS-18-019881,,,,,9/27/2018 4:14 PM,,,9/28/2018 12:00 AM,,,,,43172,203 ,1,,,0,,
,WO-PS-18-020014,,,,,10/1/2018 1:30 PM,,,9/28/2018 12:00 AM,,,,,43172,200 ,1,,,0,,
,WO-PS-18-020047,,,,,10/2/2018 5:55 AM,,,9/28/2018 12:00 AM,,,,,43124,105 ,1,,,"2,000",,
,WO-PS-18-020064,,,,,10/2/2018 8:23 AM,,,10/4/2018 12:00 AM,,,,,43175,510 ,0,,,0,,
,WO-PS-18-020065,,,,,10/2/2018 8:25 AM,,,10/4/2018 12:00 AM,,,,,43175,510 ,0,,,0,,
,WO-PS-18-020173,,,,,10/3/2018 2:53 PM,,,10/5/2018 12:00 AM,,,,,43124,210 ,0.5,,,"1,000",,
,WO-PS-18-020199,,,,,10/4/2018 6:48 AM,,,10/4/2018 12:00 AM,,,,,43124,602 ,0,,,0,,
,WO-PS-18-020360,,,,,10/5/2018 12:03 PM,,,10/8/2018 12:00 AM,,,,,43172,206 ,3,,,0,,
,WO-PS-18-020497,,,,,10/8/2018 2:39 PM,,,10/9/2018 12:00 AM,,,,,43174,406 ,0,,,0,,
,WO-PS-18-020655,,,,,10/10/2018 11:11 AM,,,10/12/2018 12:00 AM,,,,,43124,506 ,1,,,"2,000",,
,WO-PS-18-020666,,,,,10/10/2018 12:29 PM,,,10/11/2018 12:00 AM,,,,,43124,409 ,0,,,0,,
,WO-PS-18-020876,,,,,10/15/2018 8:17 AM,,,10/15/2018 12:00 AM,,,,,43174,405 ,0,,,0,,
,WO-PS-18-020932,,,,,10/15/2018 12:08 PM,,,10/18/2018 12:00 AM,,,,,43124,402 ,1,,,"2,000",,
,WO-PS-18-020986,,,,,10/15/2018 2:07 PM,,,10/18/2018 12:00 AM,,,,,43124,602 ,0.5,,,"1,000",,
,WO-PS-18-021071,,,,,10/16/2018 10:45 AM,,,10/17/2018 12:00 AM,,,,,43174,405 ,0,,,0,,
,WO-PS-18-021073,,,,,10/16/2018 10:51 AM,,,10/17/2018 12:00 AM,,,,,43172,202 ,1,,,0,,
,WO-PS-18-021321,,,,,10/18/2018 1:31 PM,,,10/19/2018 12:00 AM,,,,,43175,506 ,0,,,0,,
,WO-PS-18-021402,,,,,10/19/2018 9:33 AM,,,10/22/2018 12:00 AM,,,,,43124,307 ,0.25,,,500,,
,WO-PS-18-021415,,,,,10/19/2018 10:45 AM,,,10/22/2018 12:00 AM,,,,,43174,408 ,0,,,0,,
,WO-PS-18-021622,,,,,10/23/2018 10:37 AM,,,10/24/2018 12:00 AM,,,,,43176,602 ,0,,,0,,
,WO-PS-18-021741,,,,,10/24/2018 11:20 AM,,,11/14/2018 12:00 AM,,,,,43124,103 ,0.25,,,500,,
,WO-PS-18-021759,,,,,10/24/2018 12:42 PM,,,10/25/2018 12:00 AM,,,,,43174,407 ,0,,,0,,
,WO-PS-18-021768,,,,,10/24/2018 1:23 PM,,,10/26/2018 12:00 AM,,,,,43175,507 ,0,,,0,,
,WO-PS-18-021804,,,,,10/25/2018 7:50 AM,,,11/1/2018 12:00 AM,,,,,43124,610 ,0.5,,,"1,000",,
,WO-PS-18-021872,,,,,10/25/2018 2:25 PM,,,10/26/2018 12:00 AM,,,,,43175,509 ,0,,,0,,
,WO-PS-18-022161,,,,,10/31/2018 12:00 PM,,,11/1/2018 12:00 AM,,,,,43175,509 ,1.5,,,2,,
,WO-PS-18-022460,,,,,11/6/2018 9:52 AM,,,11/7/2018 12:00 AM,,,,,43172,204 ,1,,,0,,
,WO-PS-18-022739,,,,,11/9/2018 1:49 PM,,,11/20/2018 12:00 AM,,,,,43124,203 ,2.5,,,"5,000",,
,WO-PS-18-022859,,,,,11/13/2018 7:55 AM,,,11/19/2018 12:00 AM,,,,,43124,309 ,1,,,"2,000",,
,WO-PS-18-022945,,,,,11/14/2018 12:55 PM,,,11/15/2018 12:00 AM,,,,,43174,405 ,0,,,0,,
,WO-PS-18-023051,,,,,11/15/2018 3:17 PM,,,11/19/2018 12:00 AM,,,,,43124,610 ,0.25,,,500,,
,WO-PS-18-023052,,,,,11/15/2018 3:18 PM,,,11/19/2018 12:00 AM,,,,,43124,407 ,0.25,,,500,,
,WO-PS-18-023149,,,,,11/19/2018 9:02 AM,,,11/20/2018 12:00 AM,,,,,43124,401 ,0.5,,,"1,000",,
,WO-PS-18-023152,,,,,11/19/2018 9:38 AM,,,11/26/2018 12:00 AM,,,,,43124,506 ,1.25,,,"2,500",,
,WO-PS-18-023158,,,,,11/19/2018 10:39 AM,,,11/26/2018 12:00 AM,,,,,43124,101 ,0.25,,,500,,
,WO-PS-18-023162,,,,,11/19/2018 12:34 PM,,,11/20/2018 12:00 AM,,,,,43174,401 ,0,,,0,,
,WO-PS-18-023170,,,,,11/19/2018 1:13 PM,,,11/26/2018 12:00 AM,,,,,43124,102 ,0.25,,,500,,
,WO-PS-18-023199,,,,,11/20/2018 6:06 AM,,,11/19/2018 12:00 AM,,,,,43124,605 ,0.56,,,"1,000",,
,WO-PS-18-023200,,,,,11/20/2018 6:08 AM,,,11/19/2018 12:00 AM,,,,,43124,309 ,0.25,,,500,,
,WO-PS-18-023246,,,,,11/20/2018 10:09 AM,,,11/26/2018 12:00 AM,,,,,43124,105 ,0.25,,,500,,
,WO-PS-18-023446,,,,,11/27/2018 3:24 PM,,,11/27/2018 12:00 AM,,,,,43171,105 ,443,,,0,,
,WO-PS-18-023590,,,,,11/30/2018 9:58 AM,,,12/5/2018 12:00 AM,,,,,43124,606 ,0.25,,,500,,
,WO-PS-18-023661,,,,,12/3/2018 10:47 AM,,,12/6/2018 12:00 AM,,,,,43124,102 ,0,,,0,,
,WO-PS-18-023685,,,,,12/3/2018 3:24 PM,,,12/7/2018 12:00 AM,,,,,43124,510 ,3.05,,,"6,000",,
,WO-PS-18-023829,,,,,12/6/2018 9:51 AM,,,12/11/2018 12:00 AM,,,,,43124,210 ,0.51,,,"1,000",,
,WO-PS-18-023894,,,,,12/7/2018 10:58 AM,,,12/11/2018 12:00 AM,,,,,43124,609 ,1,,,"2,000",,
,WO-PS-18-024071,,,,,12/11/2018 10:53 AM,,,12/13/2018 12:00 AM,,,,,43124,604 ,0.5,,,"1,000",,
,WO-PS-18-024140,,,,,12/12/2018 10:34 AM,,,12/13/2018 12:00 AM,,,,,43124,203 ,0.25,,,250,,
,WO-PS-18-024179,,,,,12/12/2018 2:27 PM,,,12/18/2018 12:00 AM,,,,,43124,401 ,1.5,,,"3,000",,
,WO-PS-18-024184,,,,,12/12/2018 3:06 PM,,,12/13/2018 12:00 AM,,,,,43124,610 ,0.25,,,250,,
,WO-PS-18-024397,,,,,12/17/2018 3:26 PM,,,12/26/2018 12:00 AM,,,,,43124,102 ,2,,,"4,000",,
,WO-PS-18-024437,,,,,12/18/2018 9:59 AM,,,12/26/2018 12:00 AM,,,,,43124,210 ,0.5,,,"1,000",,
,WO-PS-18-024459,,,,,12/18/2018 1:32 PM,,,12/20/2018 12:00 AM,,,,,43124,210 ,3,,,0,,
,WO-PS-18-024596,,,,,12/19/2018 3:23 PM,,,12/20/2018 12:00 AM,,,,,43124,506 ,2,,,0,,
,WO-PS-18-024629,,,,,12/20/2018 10:46 AM,,,12/27/2018 12:00 AM,,,,,43124,307 ,0.25,,,500,,
,WO-PS-18-024708,,,,,12/24/2018 8:49 AM,,,12/23/2018 12:00 AM,,,,,43110,506 ,3,,,0,,
,WO-PS-18-024757,,,,,12/26/2018 2:33 PM,,,12/27/2018 12:00 AM,,,,,43174,405 ,0,,,0,,
,WO-PS-18-024761,,,,,12/26/2018 2:46 PM,,,12/27/2018 12:00 AM,,,,,43124,609 ,0.25,,,500,,
,WO-PS-18-024768,,,,,12/27/2018 7:06 AM,,,12/27/2018 12:00 AM,,,,,43124,601 ,0.25,,,500,,
,WO-PS-18-024782,,,,,12/27/2018 9:02 AM,,,12/27/2018 12:00 AM,,,,,43124,601 ,0.25,,,500,,
,,,,,,,,,Grand Totals:,,,,,,,992.92,,,"277,719",,
,,,,,,,,,,,,,,,,,,,,,